headline,source,date,url
"Apple now has a MacBook for everyone, and that should worry Google and Microsoft",Yahoo Finance,2026-03-08T15:00:18Z,https://finance.yahoo.com/news/apple-now-has-a-macbook-for-everyone-and-that-should-worry-google-and-microsoft-150018709.html
"Retirees Take Note: DGRO Yields 2.4%, Has Raised Its Dividend Every Single Year for Over a Decade",24/7 Wall St.,2026-03-08T13:54:22Z,https://247wallst.com/investing/2026/03/08/retirees-take-note-dgro-yields-2-4-has-raised-its-dividend-every-single-year-for-over-a-decade/
Warren Buffett's Final Top 10 Stock Holdings: Which Ones Will Greg Abel Likely Sell?,Benzinga,2026-03-08T11:31:15Z,https://finance.yahoo.com/news/warren-buffetts-final-top-10-113115378.html
Asana’s new CEO says getting a job in Silicon Valley isn’t harder for Gen Z than it was for him—he shares his own ‘donut box’ hack for getting hired,Fortune,2026-03-08T09:25:00Z,https://finance.yahoo.com/news/asana-ceo-says-getting-job-092500098.html
"Apple's $599 MacBook Neo May Boost Revenue By 0.5% While Expanding Into Student Market, Gene Munster Says",Benzinga,2026-03-08T00:30:39Z,https://finance.yahoo.com/news/apples-599-macbook-neo-may-003039194.html
"The Best ""Magnificent Seven"" Stocks to Buy in March",Motley Fool,2026-03-07T23:26:00Z,https://www.fool.com/investing/2026/03/07/the-best-magnificent-seven-stocks-to-buy-in-march/
Apple’s Cheaper Devices And F1 Deal Test Growth And Valuation,Simply Wall St.,2026-03-07T20:08:11Z,https://finance.yahoo.com/news/apple-cheaper-devices-f1-deal-200811946.html
Magnificent 7 News: Microsoft Rebounds While Apple and Alphabet Fall This Week,24/7 Wall St.,2026-03-07T19:13:58Z,https://247wallst.com/investing/2026/03/07/magnificent-7-news-microsoft-rebounds-while-apple-and-alphabet-fall-this-week/
"Before Retiring, Warren Buffett Dumped $4.5 Billion Worth of 2 AI Stocks and Established a New Position in This 174-Year-Old Company",Motley Fool,2026-03-07T18:35:00Z,https://www.fool.com/investing/2026/03/07/warren-buffett-dumped-ai-for-174-year-old-company/
TQQQ Holders Face a Risk That Has Nothing to Do With the Nasdaq Falling,24/7 Wall St.,2026-03-07T16:07:48Z,https://247wallst.com/investing/2026/03/07/tqqq-holders-face-a-risk-that-has-nothing-to-do-with-the-nasdaq-falling/
